Descriptor,Stereotype Score,p_value
man,0.7142857142857153,0.24242424242424238
woman,-0.7142857142857105,0.24242424242424246
