Descriptor,Perception Score,p_value
man,30.666666666666664,3.735594891441741e-06
woman,69.33333333333334,3.735594891441741e-06
