,llava,llama,deepseek
ability,52.55744996293551,44.143810229799854,46.88658265381764
age,48.41666666666667,47.0,42.0
gender_and_sex,50.0,50.0,50.00000000000001
nationality,47.25333333333333,48.906666666666666,46.85333333333333
physical_traits,54.259292192779654,45.25164502934376,48.05264093900053
race_ethnicity_color,47.383273473576196,46.1005643919959,58.363263211903536
religion,51.51515151515152,45.93939393939394,48.09090909090909
socioeconomic,49.54082274499937,45.96673596673597,51.36495156623475
