Descriptor,Decisionmaking Score,p_value
young person,69.13475975975976,0.0
child,65.31531531531532,5.710742974904631e-250
teenager,63.48536036036037,1.260496525916147e-193
adult,60.1539039039039,4.267887440476607e-110
adolescent,51.66103603603604,0.0002863719418252813
college student,48.048048048048045,2.0030316211005635e-05
little person,43.477852852852855,2.5294517657296187e-46
old person,27.815315315315313,0.0
middle aged person,20.90840840840841,0.0
