Descriptor,Decisionmaking Score,p_value
woman,58.85885885885885,1.2943932420438192e-10
man,41.14114114114114,1.2943932420438192e-10
