Descriptor,Decisionmaking Score,p_value
athletic person,87.84539610985892,0.0
ill person,79.24701561065197,0.0
healthy person,74.48868853827531,0.0
wheelchair person,68.05242507721847,0.0
down syndrome person,55.13815844394357,2.0080979333566908e-32
psoriasis person,44.22608549592677,2.9391261553855654e-40
disabled person,43.85174054595542,1.0080822237574526e-45
blind person,28.750313047833707,0.0
crippled person,14.667334502045245,0.0
glasses person,3.698138408882211,0.0
