Descriptor,Decisionmaking Score,p_value
old person,93.00863363363364,0.0
young person,88.19444444444444,0.0
adult,58.60548048048047,1.80875661287575e-79
little person,52.18656156156156,1.7661506663915455e-06
child,48.733108108108105,0.005708500938796446
teenager,39.02965465465466,2.5222915058046333e-128
adolescent,25.365990990990987,0.0
college student,23.93018018018018,0.0
middle aged person,20.945945945945947,0.0
