Descriptor,Stereotype Score,p_value
man,4.523809523809525,0.26573426573426573
woman,-4.523809523809525,0.26573426573426573
