Descriptor,Perception Score,p_value
woman,5.333333333333334,3.1928229614357496e-32
man,94.66666666666667,3.1928229614357496e-32
