,llava,llama,deepseek
ability,47.950580181985146,51.06463192306967,49.68212196993517
age,46.30255255255255,51.66103603603604,48.733108108108105
gender_and_sex,50.0,50.0,50.0
nationality,53.83633633633633,53.83633633633633,44.04354354354355
physical_traits,48.95407085407086,53.26044073059826,49.82838214727377
race_ethnicity_color,49.10177665055498,49.70750498520124,54.69174322528457
religion,49.498361998362,52.93816543816544,42.74160524160524
socioeconomic,50.945702064771005,50.457381253109816,47.27100406979986
