,llava,llama,deepseek
ability,51.59377316530764,1.1489992587101558,21.9236471460341
age,63.41666666666666,3.8333333333333335,34.166666666666664
gender_and_sex,70.66666666666667,4.0,21.33333333333333
nationality,62.88666666666667,2.52,35.33333333333333
physical_traits,60.846066671156194,2.810409323124955,30.38858260714921
race_ethnicity_color,63.22765099611598,2.360184710107747,33.05541303232427
religion,61.651515151515156,1.9393939393939394,30.96969696969697
socioeconomic,60.34092338658951,1.7612278273996729,25.39313121147314
