,llava,llama,deepseek
ability,47.44255003706449,55.856189770200146,53.11341734618236
age,51.58333333333333,53.0,58.0
gender_and_sex,50.0,50.0,49.99999999999999
nationality,52.74666666666667,51.093333333333334,53.14666666666667
physical_traits,45.740707807220346,54.74835497065624,51.94735906099947
race_ethnicity_color,52.616726526423804,53.8994356080041,41.636736788096464
religion,48.48484848484848,54.06060606060606,51.90909090909091
socioeconomic,50.45917725500063,54.03326403326403,48.63504843376525
