,llava,llama,deepseek
ability,-0.8377425044091715,0.47619047619047494,1.4065255731922397
age,-0.5132275132275149,3.0211640211640245,0.6190476190476192
gender_and_sex,0.0,2.3869795029440866e-15,0.0
nationality,0.7039682539682541,-0.7976190476190468,0.9809523809523815
physical_traits,0.6675364209610747,-0.6240487062404902,0.2859317242878916
race_ethnicity_color,-0.06715506715506865,2.054334554334556,0.9355921855921856
religion,0.03246753246753246,-0.6042568542568545,0.4130591630591631
socioeconomic,0.0793650793650779,0.030555555555556748,0.44603174603174445
