,llava,llama,deepseek
ability,0.0,34.04936014625223,58.15813528336376
age,8.409506398537438,100.0,37.751371115173654
gender_and_sex,21.70932358318098,21.709323583181042,21.70932358318098
nationality,39.95201096892137,1.0397623400365954,47.12979890310784
physical_traits,39.007913651047936,5.537677493676516,29.11898024091564
race_ethnicity_color,19.969062016593963,74.94550696104626,45.95433131767681
religion,22.550689712481294,6.050565065647333,32.413370450390545
socioeconomic,23.76599634369282,22.501142595978084,33.26782449725771
