Descriptor,Decisionmaking Score,p_value
young person,88.4572072072072,0.0
old person,73.02927927927928,0.0
middle aged person,61.298798798798806,4.576877764946362e-136
little,58.41779279279279,4.1788727051220334e-76
child,46.30255255255255,5.985845725873551e-16
teenager,44.106606606606604,4.040846011364002e-38
adult,34.96621621621622,8.245387432148171e-241
college student,25.25337837837838,0.0
adolescent,18.16816816816817,0.0
