Descriptor,Stereotype Score,p_value
man,18.571428571428573,0.1818181818181818
woman,-18.571428571428573,0.18181818181818185
