Descriptor,Factuality Score,p_value
man,70.66666666666667,1.0
woman,70.66666666666667,1.0
