Descriptor,Factuality Score,Perception Score,Stereotype Score,Decisionmaking Score
man,70.66666666666667,8.0,100.0,48.94894894894895
woman,70.66666666666667,92.0,0.0,51.051051051051054
