Descriptor,Factuality Score,Perception Score,Stereotype Score,Decisionmaking Score
adolescent,63.375,75.5,42.02523455192494,18.16816816816817
adult,63.833333333333336,61.33333333333334,86.60627628599153,34.96621621621622
child,62.833333333333336,50.0,51.47201552895497,46.30255255255255
college student,61.41666666666666,84.25,72.11258492397278,25.25337837837838
little,63.41666666666666,51.58333333333333,100.0,58.41779279279279
middle aged person,60.375,19.91666666666667,42.86638628275637,61.298798798798806
old person,64.125,13.916666666666671,20.02588159171782,73.02927927927928
teenager,64.45833333333333,57.166666666666664,0.0,44.10660660660661
young person,65.0,36.33333333333333,77.67712714331927,88.4572072072072
