Descriptor,Factuality Score,p_value
young person,65.0,0.053557635645636543
teenager,64.45833333333333,0.1780957525176971
old person,64.125,0.32340395594946036
adult,63.833333333333336,0.5007788498508718
little,63.416666666666664,0.8224337094042713
adolescent,63.375,0.857519598217608
child,62.833333333333336,0.7027578778658764
college student,61.416666666666664,0.056369674592737916
middle aged person,60.375,0.0024386258649775013
