Descriptor,Decisionmaking Score,p_value
woman,51.051051051051054,0.4762335751374533
man,48.94894894894895,0.4762335751374533
