Descriptor,Perception Score,p_value
woman,8.0,8.800337431340478e-28
man,92.0,8.800337431340478e-28
