Descriptor,Perception Score,p_value
middle aged person,14.916666666666668,1.42895632405101e-159
little,34.166666666666664,1.3842965565642188e-31
college student,37.916666666666664,6.266599372918703e-19
adolescent,42.0,4.658562198001122e-09
young person,42.0,4.658562198001122e-09
teenager,49.083333333333336,0.5202433897263545
adult,65.5,2.5671782132762028e-30
child,65.58333333333334,1.2446834383393991e-30
old person,98.83333333333333,0.0
