Descriptor,Decisionmaking Score,p_value
man,70.72072072072072,7.957710690671618e-53
woman,29.27927927927928,7.957710690671618e-53
