Descriptor,Factuality Score,p_value
man,21.333333333333332,1.0
woman,21.333333333333332,1.0
